country,year,log_asdr
Hungary,1992,-1.1620230591352552
Hungary,1993,-1.1633777119439093
Hungary,1994,-1.2206221637819685
Hungary,1995,-1.2401954485045235
Hungary,1996,-1.253377440659263
Hungary,1997,-1.2221364222989406
Hungary,1998,-1.1092817700387143
Hungary,1999,-1.0040919326079074
Hungary,2000,-0.9994042558666828
Hungary,2001,-1.0001891333745574
Hungary,2002,-0.9891272030908547
Hungary,2003,-0.9591221338801228
Hungary,2004,-0.9433667254235524
Hungary,2005,-0.9151309884053552
Hungary,2006,-0.9273777942287696
Hungary,2007,-0.9238955961051749
Hungary,2008,-0.9643753230412943
Hungary,2009,-0.9768155719003532
Hungary,2010,-1.0299781143208409
Hungary,2011,-1.0788706251681184
Hungary,2012,-1.0769720574584307
Hungary,2013,-1.1029666124686661
Hungary,2014,-1.075065995461579
Hungary,2015,-1.0336496109213362
Hungary,2016,-1.0501355593527182
Hungary,2017,-0.9709198354524614
Hungary,2018,-0.9194531422097796
North Macedonia,1992,-1.005799746929356
North Macedonia,1993,-0.9814866726576066
North Macedonia,1994,-1.0176824181033028
North Macedonia,1995,-1.0092870404543823
North Macedonia,1996,-0.9787291191179893
North Macedonia,1997,-0.9336331458674534
North Macedonia,1998,-0.8170199366763571
North Macedonia,1999,-0.7137826562674331
North Macedonia,2000,-0.6828569712444384
North Macedonia,2001,-0.6305599740537264
North Macedonia,2002,-0.5871440631623356
North Macedonia,2003,-0.5645752763918889
North Macedonia,2004,-0.5706881820785961
North Macedonia,2005,-0.5822376615170292
North Macedonia,2006,-0.580302214060562
North Macedonia,2007,-0.5526607634690759
North Macedonia,2008,-0.5633944859882943
North Macedonia,2009,-0.5741902610827624
North Macedonia,2010,-0.5934153613657747
North Macedonia,2011,-0.6399356651963385
North Macedonia,2012,-0.6488389686204571
North Macedonia,2013,-0.6364309787645381
North Macedonia,2014,-0.6239238191018643
North Macedonia,2015,-0.6207184327968311
North Macedonia,2016,-0.6090310082231919
North Macedonia,2017,-0.6185139197322049
North Macedonia,2018,-0.6206348537155358
Greece,1992,0.05058526947442076
Greece,1993,0.16773804322911046
Greece,1994,0.34726725873081116
Greece,1995,0.505858462855849
Greece,1996,0.6198759899685599
Greece,1997,0.6944158198395456
Greece,1998,0.7525439168303071
Greece,1999,0.8189451994699192
Greece,2000,0.8907140965235901
Greece,2001,0.9302463057274817
Greece,2002,0.8946659389054287
Greece,2003,0.9066680123599649
Greece,2004,0.975102089055487
Greece,2005,1.0430296551824665
Greece,2006,1.0508190798119486
Greece,2007,1.070770581030633
Greece,2008,1.0329060744284897
Greece,2009,1.0190869496514552
Greece,2010,0.9377527589501968
Greece,2011,0.8524868856901475
Greece,2012,0.7970731167334225
Greece,2013,0.7243814239547578
Greece,2014,0.7072184728835611
Greece,2015,0.7465687010078299
Greece,2016,0.7618746399450763
Greece,2017,0.7810498790718163
Greece,2018,0.8188614581079784
Germany,1992,0.5209896079001722
Germany,1993,0.5244109812482763
Germany,1994,0.5215169519092521
Germany,1995,0.5162040206498111
Germany,1996,0.5178895559116865
Germany,1997,0.4999685769868572
Germany,1998,0.5146642087335752
Germany,1999,0.5659638689821828
Germany,2000,0.5975239135935683
Germany,2001,0.5658333931283396
Germany,2002,0.5305248438062207
Germany,2003,0.5152596908940416
Germany,2004,0.4857856188342214
Germany,2005,0.4799195589393183
Germany,2006,0.47594820094245655
Germany,2007,0.5054697004275671
Germany,2008,0.5340056151953776
Germany,2009,0.5335784756640066
Germany,2010,0.5088644342202843
Germany,2011,0.4801823591863679
Germany,2012,0.46708693166950316
Germany,2013,0.48985618805763936
Germany,2014,0.5091134381026792
Germany,2015,0.5703126354989395
Germany,2016,0.6034599047411886
Germany,2017,0.5913586454023237
Germany,2018,0.6181148385205886
Argentina,1992,-3.0287550411341995
Argentina,1993,-3.0298735493766458
Argentina,1994,-3.008157909971128
Argentina,1995,-2.983401027326838
Argentina,1996,-2.9281090018221034
Argentina,1997,-2.730617342409524
Argentina,1998,-2.537981747469982
Argentina,1999,-2.447573626675022
Argentina,2000,-2.440568607182566
Argentina,2001,-2.349970012356578
Argentina,2002,-2.2740576429694688
Argentina,2003,-2.2810196189007947
Argentina,2004,-2.28784335045617
Argentina,2005,-2.247699217738612
Argentina,2006,-2.1875947502183113
Argentina,2007,-2.1053186688332097
Argentina,2008,-2.107031262375276
Argentina,2009,-2.1068744506990402
Argentina,2010,-2.105282820375322
Argentina,2011,-2.0726178412711933
Argentina,2012,-2.042233166965767
Argentina,2013,-2.045851262732652
Argentina,2014,-2.0620758752849193
Argentina,2015,-2.0471668298549366
Argentina,2016,-1.9855170499071517
Argentina,2017,-1.934501500123802
Argentina,2018,-1.8696484650440757
Montenegro,1992,-1.8306577760747524
Montenegro,1993,-1.776476682714045
Montenegro,1994,-1.7564810990029887
Montenegro,1995,-1.7433266486974206
Montenegro,1996,-1.7166489963271838
Montenegro,1997,-1.6901761346860038
Montenegro,1998,-1.6522905718823966
Montenegro,1999,-1.5795068477506544
Montenegro,2000,-1.572172956245661
Montenegro,2001,-1.6124585872454085
Montenegro,2002,-1.654434468343159
Montenegro,2003,-1.6411549895039241
Montenegro,2004,-1.6329133115452297
Montenegro,2005,-1.6206576656017444
Montenegro,2006,-1.6429378729623658
Montenegro,2007,-1.6530760339582409
Montenegro,2008,-1.6534023150806194
Montenegro,2009,-1.6532009772063103
Montenegro,2010,-1.6531411002950698
Montenegro,2011,-1.6590931127850193
Montenegro,2012,-1.6372426513708203
Montenegro,2013,-1.6192734476203483
Montenegro,2014,-1.6125953191075573
Montenegro,2015,-1.618399089150957
Montenegro,2016,-1.5937982564935378
Montenegro,2017,-1.5449562912972543
Montenegro,2018,-1.5360611595296256
Iceland,1992,0.7685607960404982
Iceland,1993,0.7641270013280459
Iceland,1994,0.7972922247105206
Iceland,1995,0.8207674410209811
Iceland,1996,0.8562924195613245
Iceland,1997,0.9021072538992262
Iceland,1998,0.945066548023985
Iceland,1999,0.9962256872828205
Iceland,2000,1.0396522740424403
Iceland,2001,1.0483964625240738
Iceland,2002,1.023662619734522
Iceland,2003,0.9979532879146336
Iceland,2004,0.9981140018464394
Iceland,2005,1.0024847497673626
Iceland,2006,1.0429876899943087
Iceland,2007,1.0821898146855196
Iceland,2008,1.1292652072104308
Iceland,2009,1.1927659339666326
Iceland,2010,1.2240224331148293
Iceland,2011,1.2388511091790557
Iceland,2012,1.2654777216197133
Iceland,2013,1.296423321688277
Iceland,2014,1.323007844635546
Iceland,2015,1.372219008665345
Iceland,2016,1.4439924932162673
Iceland,2017,1.5095365444894067
Iceland,2018,1.5637479267030292
Mexico,1992,-1.1418783049482373
Mexico,1993,-1.0953425656744247
Mexico,1994,-1.063157568967976
Mexico,1995,-1.002277737409113
Mexico,1996,-0.9603891059936942
Mexico,1997,-0.8499350114756551
Mexico,1998,-0.746687533146187
Mexico,1999,-0.7183992342980078
Mexico,2000,-0.7209771263671364
Mexico,2001,-0.7518626871186637
Mexico,2002,-0.7674989695954891
Mexico,2003,-0.7622188462715254
Mexico,2004,-0.7947362566727223
Mexico,2005,-0.8127347021722559
Mexico,2006,-0.87856335202404
Mexico,2007,-0.9338451887264477
Mexico,2008,-0.9113431961194488
Mexico,2009,-0.9557964700911169
Mexico,2010,-0.9711026576958504
Mexico,2011,-1.0551409211285971
Mexico,2012,-1.1217707582625172
Mexico,2013,-1.1187759685634866
Mexico,2014,-1.136224606495888
Mexico,2015,-1.1242286211623327
Mexico,2016,-1.0649316474192312
Mexico,2017,-1.0286747147462731
Mexico,2018,-0.9622259732315702
Japan,1992,-2.4031403515272642
Japan,1993,-2.3257039867883416
Japan,1994,-2.1983521284496303
Japan,1995,-1.9804585860169792
Japan,1996,-1.842435160083216
Japan,1997,-1.7716097406915652
Japan,1998,-1.7018435735166355
Japan,1999,-1.6217760666316443
Japan,2000,-1.59955319202962
Japan,2001,-1.57009755419672
Japan,2002,-1.5541844754208611
Japan,2003,-1.5114747295523463
Japan,2004,-1.481503568006114
Japan,2005,-1.4521771061306146
Japan,2006,-1.4436854123783205
Japan,2007,-1.4187561121545
Japan,2008,-1.40237271887591
Japan,2009,-1.3792797622580746
Japan,2010,-1.3856646033897149
Japan,2011,-1.384693423228042
Japan,2012,-1.4521258440204883
Japan,2013,-1.513673103994881
Japan,2014,-1.5636709994398073
Japan,2015,-1.642673014422321
Japan,2016,-1.6867682942676547
Japan,2017,-1.7122857856323555
Japan,2018,-1.7394795557652125
Canada,1992,0.49080664226228415
Canada,1993,0.5869076471283402
Canada,1994,0.6270815812070392
Canada,1995,0.6437959974507955
Canada,1996,0.6680330205919495
Canada,1997,0.7143885237977127
Canada,1998,0.8004941541889827
Canada,1999,0.8664733282398691
Canada,2000,0.9218933782939996
Canada,2001,0.9694749406000476
Canada,2002,1.0161342811957026
Canada,2003,1.068874956363007
Canada,2004,1.1194110064891492
Canada,2005,1.1903862325824823
Canada,2006,1.2316641226717235
Canada,2007,1.2778573391414716
Canada,2008,1.3151552650458278
Canada,2009,1.3535850889196648
Canada,2010,1.3937320674592908
Canada,2011,1.4393191149366595
Canada,2012,1.510188468235599
Canada,2013,1.587580231129153
Canada,2014,1.6929194083834576
Canada,2015,1.849888041451191
Canada,2016,2.0008029847614925
Canada,2017,2.144223962745999
Canada,2018,2.1779564032256973
Panama,1992,-1.2071729082588685
Panama,1993,-1.1355378988164078
Panama,1994,-1.139611281811553
Panama,1995,-1.089855158974754
Panama,1996,-1.1068764273359444
Panama,1997,-1.0396176169889313
Panama,1998,-0.9814216002284559
Panama,1999,-0.8969997084005442
Panama,2000,-0.8420110346739248
Panama,2001,-0.8005941702505278
Panama,2002,-0.7862587602299127
Panama,2003,-0.7691370496946512
Panama,2004,-0.8747973865035235
Panama,2005,-0.9999080106153373
Panama,2006,-1.0331508333988115
Panama,2007,-1.0952260793462276
Panama,2008,-1.0903956649940874
Panama,2009,-1.1274900241400796
Panama,2010,-1.171682248184854
Panama,2011,-1.1231980648593398
Panama,2012,-1.078300635113712
Panama,2013,-1.0955515940161855
Panama,2014,-1.1042806502679108
Panama,2015,-1.1251614115305704
Panama,2016,-1.1082719635262117
Panama,2017,-1.0807657710818332
Panama,2018,-1.0596377393846335
South Korea,1992,-1.453961575657852
South Korea,1993,-1.3834188565772838
South Korea,1994,-1.242492413852469
South Korea,1995,-1.0321819845793772
South Korea,1996,-0.935338261714911
South Korea,1997,-0.8930974487136839
South Korea,1998,-0.8726179274650823
South Korea,1999,-0.9198221442960833
South Korea,2000,-1.0310970032954565
South Korea,2001,-1.12433392247793
South Korea,2002,-1.2258749321970805
South Korea,2003,-1.2991351321130356
South Korea,2004,-1.3653459995513264
South Korea,2005,-1.4169070212598356
South Korea,2006,-1.4797156382693897
South Korea,2007,-1.5211672695331777
South Korea,2008,-1.5660331515214883
South Korea,2009,-1.574692145629648
South Korea,2010,-1.620015285884068
South Korea,2011,-1.668392721445845
South Korea,2012,-1.7286661138898676
South Korea,2013,-1.7792826765240832
South Korea,2014,-1.816807856121661
South Korea,2015,-1.8440418533564713
South Korea,2016,-1.8505688404603189
South Korea,2017,-1.8557855938971077
South Korea,2018,-1.85502604911916
Chile,1992,-2.380240338249208
Chile,1993,-2.3693691585741012
Chile,1994,-2.3186033574554346
Chile,1995,-2.2238209027352736
Chile,1996,-2.103639460784863
Chile,1997,-1.820103182372918
Chile,1998,-1.7700256149158669
Chile,1999,-1.7475793097588292
Chile,2000,-1.7502581531918706
Chile,2001,-1.649682185082139
Chile,2002,-1.5731655436169494
Chile,2003,-1.5523301804641156
Chile,2004,-1.5160237184851333
Chile,2005,-1.486931293238861
Chile,2006,-1.4422346169443714
Chile,2007,-1.377134315563478
Chile,2008,-1.3854291173794755
Chile,2009,-1.3595397952731005
Chile,2010,-1.365773234663462
Chile,2011,-1.3728130241635723
Chile,2012,-1.3621095183574612
Chile,2013,-1.364711661753008
Chile,2014,-1.3521121362100617
Chile,2015,-1.3195023409552598
Chile,2016,-1.2844939892298237
Chile,2017,-1.2180965559680206
Chile,2018,-1.1488394612480697
Ireland,1992,0.4004102536911949
Ireland,1993,0.5050527160533492
Ireland,1994,0.6083687210661581
Ireland,1995,0.755615927369959
Ireland,1996,0.859484827100099
Ireland,1997,0.9341981977732497
Ireland,1998,0.9859514655925277
Ireland,1999,1.0503083621430807
Ireland,2000,1.0810529790215868
Ireland,2001,1.0701961006588119
Ireland,2002,1.0530937008045749
Ireland,2003,1.0080279694137952
Ireland,2004,1.0430675278700499
Ireland,2005,1.1172609934275055
Ireland,2006,1.1745805742009712
Ireland,2007,1.2249643744282925
Ireland,2008,1.2805012326098812
Ireland,2009,1.3369185335352969
Ireland,2010,1.258875021600904
Ireland,2011,1.2733816802379045
Ireland,2012,1.2277562350709499
Ireland,2013,1.20026537841108
Ireland,2014,1.2001465184009157
Ireland,2015,1.2079170536377222
Ireland,2016,1.2223066085904248
Ireland,2017,1.2088775638102167
Ireland,2018,1.2884272980462717
Israel,1992,-0.23897691713330502
Israel,1993,-0.24626923965099973
Israel,1994,-0.2068599361844337
Israel,1995,-0.1330345662014962
Israel,1996,-0.05628951038980879
Israel,1997,0.05096601082698748
Israel,1998,0.13955175410944223
Israel,1999,0.21993286245327248
Israel,2000,0.3775670310957988
Israel,2001,0.4296785663435755
Israel,2002,0.40970243266290785
Israel,2003,0.3439400508385231
Israel,2004,0.2985130049169963
Israel,2005,0.26583367022503834
Israel,2006,0.21779027277628984
Israel,2007,0.20312120356071917
Israel,2008,0.17684642857653857
Israel,2009,0.1427380250642035
Israel,2010,0.09940756660638125
Israel,2011,0.03469593684401421
Israel,2012,0.006004522215796221
Israel,2013,0.04435559729358066
Israel,2014,0.07046001962339349
Israel,2015,0.11648398301077653
Israel,2016,0.14709771482774156
Israel,2017,0.16850859612580074
Israel,2018,0.20900136800870384
United States of America,1992,0.8096837199940923
United States of America,1993,0.9133253558811613
United States of America,1994,0.9933495417370481
United States of America,1995,1.0673847629850817
United States of America,1996,1.1170476599490495
United States of America,1997,1.1753145835523031
United States of America,1998,1.2488846007744017
United States of America,1999,1.3628074288183405
United States of America,2000,1.4748849081182234
United States of America,2001,1.5957766901903487
United States of America,2002,1.7276429650461056
United States of America,2003,1.8401395941094099
United States of America,2004,1.9191342300212042
United States of America,2005,2.0140519324203976
United States of America,2006,2.0934600226915934
United States of America,2007,2.137021460482879
United States of America,2008,2.17287143594405
United States of America,2009,2.2073156070113877
United States of America,2010,2.2417273799402824
United States of America,2011,2.2985550303460527
United States of America,2012,2.3431398587556873
United States of America,2013,2.406689699804181
United States of America,2014,2.491640820309119
United States of America,2015,2.6036145149005065
United States of America,2016,2.733773715852842
United States of America,2017,2.8244086730130067
United States of America,2018,2.857995667086986
Luxembourg,1992,0.9476581812876103
Luxembourg,1993,1.0259948050551737
Luxembourg,1994,1.1065955198755555
Luxembourg,1995,1.1393653496247769
Luxembourg,1996,1.146186967122245
Luxembourg,1997,1.0787317552260762
Luxembourg,1998,1.0322853242036367
Luxembourg,1999,1.0248720831131595
Luxembourg,2000,1.0593074190661467
Luxembourg,2001,1.0307045500325527
Luxembourg,2002,0.9953099108984985
Luxembourg,2003,0.9839983909303094
Luxembourg,2004,0.9920041168444742
Luxembourg,2005,1.0009995122638624
Luxembourg,2006,1.0004764438922482
Luxembourg,2007,0.9898369117678548
Luxembourg,2008,0.9610842027460755
Luxembourg,2009,0.9370204395971501
Luxembourg,2010,0.8860189657045575
Luxembourg,2011,0.8451583606125792
Luxembourg,2012,0.8313153972526534
Luxembourg,2013,0.8061263746568098
Luxembourg,2014,0.807099357278617
Luxembourg,2015,0.8288815819781813
Luxembourg,2016,0.8203781373871101
Luxembourg,2017,0.8019147468526969
Luxembourg,2018,0.8411412236023077
Slovenia,1992,-0.19172839123422625
Slovenia,1993,-0.16026621108435812
Slovenia,1994,-0.25953769228165374
Slovenia,1995,-0.3537641851562442
Slovenia,1996,-0.3563058791244033
Slovenia,1997,-0.31366747568657943
Slovenia,1998,-0.22614593845346917
Slovenia,1999,-0.113535599800413
Slovenia,2000,-0.03919759855604814
Slovenia,2001,0.04723243247223044
Slovenia,2002,0.05333588174259959
Slovenia,2003,0.08413998315926406
Slovenia,2004,0.07703472716194557
Slovenia,2005,0.04092474244495052
Slovenia,2006,0.08005870304092001
Slovenia,2007,0.12489607651105403
Slovenia,2008,0.06536719481712636
Slovenia,2009,-0.004967165958276221
Slovenia,2010,-0.051851246210328536
Slovenia,2011,-0.11778472628642585
Slovenia,2012,-0.10683040261479933
Slovenia,2013,-0.10302341183524985
Slovenia,2014,-0.17426634322619605
Slovenia,2015,-0.10954250555738394
Slovenia,2016,-0.0920272179790497
Slovenia,2017,-0.09213060920278227
Slovenia,2018,-0.04799338197442671
Australia,1992,1.012960436615558
Australia,1993,1.1020353845798707
Australia,1994,1.234734192109958
Australia,1995,1.3550372231558725
Australia,1996,1.435453048686958
Australia,1997,1.5550019728591722
Australia,1998,1.6738382879673466
Australia,1999,1.6975137157166889
Australia,2000,1.5995848165367683
Australia,2001,1.4041475896481268
Australia,2002,1.2958158607582846
Australia,2003,1.255948787049997
Australia,2004,1.2283340043243878
Australia,2005,1.2024445175101166
Australia,2006,1.1742979682313315
Australia,2007,1.207780180284999
Australia,2008,1.2641735400198848
Australia,2009,1.3109403256435053
Australia,2010,1.335152374908392
Australia,2011,1.3498363403001912
Australia,2012,1.3535314626035975
Australia,2013,1.387727814349536
Australia,2014,1.4512623015898767
Australia,2015,1.4986295178809208
Australia,2016,1.5128835493047756
Australia,2017,1.5108048731228791
Australia,2018,1.5217789485646351
Slovakia,1992,-0.6940766081621064
Slovakia,1993,-0.7000814330331722
Slovakia,1994,-0.7239920962667414
Slovakia,1995,-0.7087455027734115
Slovakia,1996,-0.708513813819124
Slovakia,1997,-0.6682231234437654
Slovakia,1998,-0.6333938156640466
Slovakia,1999,-0.5680124042482971
Slovakia,2000,-0.5546274323427243
Slovakia,2001,-0.5378748291569448
Slovakia,2002,-0.5498440054390537
Slovakia,2003,-0.5476987020379698
Slovakia,2004,-0.5537232477346795
Slovakia,2005,-0.5622254682693937
Slovakia,2006,-0.6028635417271976
Slovakia,2007,-0.5900873102512681
Slovakia,2008,-0.5888525790211381
Slovakia,2009,-0.5944930098495393
Slovakia,2010,-0.6224100321810805
Slovakia,2011,-0.6206216714726959
Slovakia,2012,-0.6378160901359622
Slovakia,2013,-0.6406807969875896
Slovakia,2014,-0.6344156068047253
Slovakia,2015,-0.6062904909543203
Slovakia,2016,-0.6152420704903292
Slovakia,2017,-0.5929487192493014
Slovakia,2018,-0.5600852540746202
Italy,1992,0.6491450705692151
Italy,1993,0.5811703161771313
Italy,1994,0.5865893355834563
Italy,1995,0.6386351530165497
Italy,1996,0.6406049828807517
Italy,1997,0.5707330281837917
Italy,1998,0.5044714433641764
Italy,1999,0.4034322474436251
Italy,2000,0.30336237678227806
Italy,2001,0.1778421445612575
Italy,2002,0.06125808726773565
Italy,2003,-0.009252680332763802
Italy,2004,-0.038594944242844924
Italy,2005,-0.06507796259510672
Italy,2006,-0.09993112077862384
Italy,2007,-0.1319453824697433
Italy,2008,-0.20130227311545454
Italy,2009,-0.2776071800362659
Italy,2010,-0.3507876345313619
Italy,2011,-0.38783765636932943
Italy,2012,-0.3886113534178449
Italy,2013,-0.39588695352172804
Italy,2014,-0.4360974087237121
Italy,2015,-0.43430910980879206
Italy,2016,-0.45796174993593913
Italy,2017,-0.43992307874108993
Italy,2018,-0.42771275372152096
Poland,1992,-0.43031607665847305
Poland,1993,-0.46346236624892484
Poland,1994,-0.46669005851998757
Poland,1995,-0.4610826588040311
Poland,1996,-0.514142891811569
Poland,1997,-0.517714377595355
Poland,1998,-0.5607331730628586
Poland,1999,-0.5676818538655817
Poland,2000,-0.6204017929829216
Poland,2001,-0.6614307272300789
Poland,2002,-0.6834562884671617
Poland,2003,-0.7027309077412728
Poland,2004,-0.7278315785304061
Poland,2005,-0.7885818997116623
Poland,2006,-0.8761827666285503
Poland,2007,-0.9151460898422284
Poland,2008,-0.9171803498689136
Poland,2009,-0.9086950041969123
Poland,2010,-0.9035988260816737
Poland,2011,-0.8929151799972473
Poland,2012,-0.8893940195940004
Poland,2013,-0.8719633199372164
Poland,2014,-0.8409714196971954
Poland,2015,-0.7837709531981234
Poland,2016,-0.7643189836437796
Poland,2017,-0.6681792330870769
Poland,2018,-0.4835998092505747
Brazil,1992,-2.3353469357299015
Brazil,1993,-2.2744648497816873
Brazil,1994,-2.1935571391893176
Brazil,1995,-2.0826873245663338
Brazil,1996,-2.006544851377984
Brazil,1997,-1.9925845929154102
Brazil,1998,-1.9963902221185184
Brazil,1999,-2.0239390755028372
Brazil,2000,-2.03333532532125
Brazil,2001,-2.0271025561716325
Brazil,2002,-2.015007959947503
Brazil,2003,-1.9650007183943647
Brazil,2004,-1.9066602089731803
Brazil,2005,-1.841961986807479
Brazil,2006,-1.7343348958600528
Brazil,2007,-1.6329337126716477
Brazil,2008,-1.5113299577391899
Brazil,2009,-1.364023102028444
Brazil,2010,-1.1796866936727861
Brazil,2011,-1.0100678888283778
Brazil,2012,-0.8707949150251887
Brazil,2013,-0.7478043029843815
Brazil,2014,-0.6699969624553779
Brazil,2015,-0.6483743577705724
Brazil,2016,-0.5918867159008606
Brazil,2017,-0.5642113245442504
Brazil,2018,-0.554807666882779
Malta,1992,-0.1499791099792309
Malta,1993,-0.1074744976902755
Malta,1994,-0.015641847492713374
Malta,1995,0.07078293597514192
Malta,1996,0.10483117315979154
Malta,1997,0.14011277454626447
Malta,1998,0.15026817875613407
Malta,1999,0.1388333100225434
Malta,2000,0.1644693465162436
Malta,2001,0.1912489381145273
Malta,2002,0.18501589368736415
Malta,2003,0.1880087118576404
Malta,2004,0.2147161376027832
Malta,2005,0.24663885626310406
Malta,2006,0.3000058954052936
Malta,2007,0.3832106818833556
Malta,2008,0.4287329849500599
Malta,2009,0.43718397959161903
Malta,2010,0.4220668909138157
Malta,2011,0.3813274770645768
Malta,2012,0.37109883045085174
Malta,2013,0.35962219387608635
Malta,2014,0.40207584299367394
Malta,2015,0.429641266881325
Malta,2016,0.46986089569700784
Malta,2017,0.5186710972416081
Malta,2018,0.5574088907028483
Serbia,1992,-0.4302621794370227
Serbia,1993,-0.42598258935433503
Serbia,1994,-0.41663182758730466
Serbia,1995,-0.39811712899308654
Serbia,1996,-0.39048681289511206
Serbia,1997,-0.39097023835405764
Serbia,1998,-0.4840744098685965
Serbia,1999,-0.3699424347722995
Serbia,2000,-0.31114647521421485
Serbia,2001,-0.2847816983977925
Serbia,2002,-0.2789804967785699
Serbia,2003,-0.21387904314917433
Serbia,2004,-0.12970174709615587
Serbia,2005,-0.05655080527635337
Serbia,2006,-0.03960542185611847
Serbia,2007,-0.012905871165166519
Serbia,2008,0.007014052980936012
Serbia,2009,-0.02247356322126552
Serbia,2010,-0.08255725307264575
Serbia,2011,-0.14497619995086078
Serbia,2012,-0.16768011240865344
Serbia,2013,-0.1962590638951328
Serbia,2014,-0.2256201798111499
Serbia,2015,-0.24693959840785715
Serbia,2016,-0.27845242290420796
Serbia,2017,-0.27803885920099214
Serbia,2018,-0.2526935560321113
New Zealand,1992,-0.20258150774996964
New Zealand,1993,-0.15548064255579908
New Zealand,1994,-0.10853912162039668
New Zealand,1995,0.018809970052444232
New Zealand,1996,0.09096161955225313
New Zealand,1997,0.09957410241424883
New Zealand,1998,0.059852436319015365
New Zealand,1999,0.03324935697088386
New Zealand,2000,0.038419902171398616
New Zealand,2001,0.10647432088233102
New Zealand,2002,0.14232643889724683
New Zealand,2003,0.13166822969050723
New Zealand,2004,0.1529776923758953
New Zealand,2005,0.18726063202770865
New Zealand,2006,0.1846817281554265
New Zealand,2007,0.27117616405465605
New Zealand,2008,0.32149553686976967
New Zealand,2009,0.3478611572686265
New Zealand,2010,0.3448287381333782
New Zealand,2011,0.3736598094115179
New Zealand,2012,0.36804860659372535
New Zealand,2013,0.35718538231906066
New Zealand,2014,0.36742630389620784
New Zealand,2015,0.38297205787443467
New Zealand,2016,0.45696887351783194
New Zealand,2017,0.5950354838117019
New Zealand,2018,0.6130021725097354
Romania,1992,-0.07392876744048123
Romania,1993,-0.06406497430399573
Romania,1994,-0.036969224151600186
Romania,1995,0.014379468379357564
Romania,1996,0.047885926233696335
Romania,1997,0.04822234473281598
Romania,1998,0.007673816121892078
Romania,1999,-0.022238108864200235
Romania,2000,-0.07456959913957781
Romania,2001,-0.08023329425068144
Romania,2002,-0.09263357353105948
Romania,2003,-0.1061995234241857
Romania,2004,-0.14279704075408034
Romania,2005,-0.18264555578171313
Romania,2006,-0.2325226133015039
Romania,2007,-0.25568922017306445
Romania,2008,-0.21515334047231086
Romania,2009,-0.19258833463855762
Romania,2010,-0.20609777534046222
Romania,2011,-0.2859606707922026
Romania,2012,-0.2753758782414931
Romania,2013,-0.3119457836792535
Romania,2014,-0.2907270888245769
Romania,2015,-0.3068481834613509
Romania,2016,-0.3322393722153496
Romania,2017,-0.3204757002240609
Romania,2018,-0.2852835210524102
Uruguay,1992,-2.3319140427947365
Uruguay,1993,-2.350050500666731
Uruguay,1994,-2.295566664435463
Uruguay,1995,-2.221128263913002
Uruguay,1996,-2.0964951310178117
Uruguay,1997,-1.7701465254828754
Uruguay,1998,-1.6738623248799431
Uruguay,1999,-1.64580565491784
Uruguay,2000,-1.668037085671471
Uruguay,2001,-1.607063191413999
Uruguay,2002,-1.539159436529362
Uruguay,2003,-1.5354175755633763
Uruguay,2004,-1.5130555207281324
Uruguay,2005,-1.4869816690057058
Uruguay,2006,-1.439567784866051
Uruguay,2007,-1.345034489633211
Uruguay,2008,-1.3560946500421194
Uruguay,2009,-1.3264400908463876
Uruguay,2010,-1.2922771327387945
Uruguay,2011,-1.2520701040440116
Uruguay,2012,-1.2535343575826259
Uruguay,2013,-1.2663952529343838
Uruguay,2014,-1.2716905519061603
Uruguay,2015,-1.2464637063243524
Uruguay,2016,-1.2090618882665014
Uruguay,2017,-1.1404889205318625
Uruguay,2018,-1.075218976624326
Lithuania,1992,0.6016909582530867
Lithuania,1993,0.7428488646345228
Lithuania,1994,0.8493196454666742
Lithuania,1995,0.8415550159297495
Lithuania,1996,0.7904360654163475
Lithuania,1997,0.7486340831958247
Lithuania,1998,0.7608203161702181
Lithuania,1999,0.7524717974690986
Lithuania,2000,0.7816508978173022
Lithuania,2001,0.8326111299140199
Lithuania,2002,0.804428414459951
Lithuania,2003,0.8634012621247634
Lithuania,2004,0.9435968243518273
Lithuania,2005,1.1123842451453536
Lithuania,2006,1.2381029741238796
Lithuania,2007,1.3200287724250999
Lithuania,2008,1.256272648130191
Lithuania,2009,1.0861336941475892
Lithuania,2010,1.0177070221934752
Lithuania,2011,0.9735264409404641
Lithuania,2012,1.0102641828054177
Lithuania,2013,1.0618412627128502
Lithuania,2014,1.0909715254178232
Lithuania,2015,1.131376572222145
Lithuania,2016,1.1259925109578217
Lithuania,2017,1.0166544620457367
Lithuania,2018,0.9879141407929114
Netherlands,1992,-0.6897017671566533
Netherlands,1993,-0.644058323376066
Netherlands,1994,-0.6252292368703609
Netherlands,1995,-0.5815669763500588
Netherlands,1996,-0.5013384592530996
Netherlands,1997,-0.4669936140648642
Netherlands,1998,-0.40861918674200015
Netherlands,1999,-0.3411845663515554
Netherlands,2000,-0.2865500773027085
Netherlands,2001,-0.2647526765109013
Netherlands,2002,-0.2751414865318204
Netherlands,2003,-0.2780798637020641
Netherlands,2004,-0.2729381607583306
Netherlands,2005,-0.2957377640863473
Netherlands,2006,-0.30372016080753383
Netherlands,2007,-0.28521540864759354
Netherlands,2008,-0.23540216269324293
Netherlands,2009,-0.22748230756622762
Netherlands,2010,-0.24034561550103303
Netherlands,2011,-0.2226591104404415
Netherlands,2012,-0.19288197191725945
Netherlands,2013,-0.171938387876959
Netherlands,2014,-0.1420354851393561
Netherlands,2015,-0.0678444984806479
Netherlands,2016,0.009200551124020228
Netherlands,2017,0.0503490149442086
Netherlands,2018,0.07164921667514676
Sweden,1992,0.1390843239374724
Sweden,1993,0.22603169189245287
Sweden,1994,0.27468664799309567
Sweden,1995,0.37399943285750953
Sweden,1996,0.49879172249144
Sweden,1997,0.6268747712397607
Sweden,1998,0.7305877378656224
Sweden,1999,0.8341133408254191
Sweden,2000,0.9096298965569988
Sweden,2001,0.9181073222264585
Sweden,2002,0.8789679880916373
Sweden,2003,0.8705485241301713
Sweden,2004,0.9093498829866853
Sweden,2005,0.9113343418585096
Sweden,2006,0.9337802006078667
Sweden,2007,1.0224678148352788
Sweden,2008,1.1104637785944484
Sweden,2009,1.1551279975717765
Sweden,2010,1.205648839378771
Sweden,2011,1.2528195305482255
Sweden,2012,1.3104285336831463
Sweden,2013,1.389168590076483
Sweden,2014,1.478556471649626
Sweden,2015,1.534848154143829
Sweden,2016,1.5512192486692555
Sweden,2017,1.5531903655687882
Sweden,2018,1.5123840671002613
Peru,1992,-0.8878922808194494
Peru,1993,-0.8815737458579551
Peru,1994,-0.8514586885499404
Peru,1995,-0.8302602867565101
Peru,1996,-0.8535425329103634
Peru,1997,-0.8260093628785161
Peru,1998,-0.8164716602865902
Peru,1999,-0.8457289476839676
Peru,2000,-0.8947053110914279
Peru,2001,-0.8047525507539358
Peru,2002,-0.7115693201196378
Peru,2003,-0.6370955404823824
Peru,2004,-0.664002316793592
Peru,2005,-0.6580579608660987
Peru,2006,-0.6646636820787021
Peru,2007,-0.6774260923310479
Peru,2008,-0.6741701260758373
Peru,2009,-0.49803530113482863
Peru,2010,-0.499223266614267
Peru,2011,-0.5893872316383428
Peru,2012,-0.6840411806908666
Peru,2013,-0.7248180152523321
Peru,2014,-0.7721133651810033
Peru,2015,-0.8103777104891864
Peru,2016,-0.8411381779078495
Peru,2017,-0.8727798793123149
Peru,2018,-0.7427096353435605
Portugal,1992,0.07855182792713801
Portugal,1993,0.16667604769111005
Portugal,1994,0.22880489485023545
Portugal,1995,0.3030970196062978
Portugal,1996,0.31162395371697965
Portugal,1997,0.3026883856069583
Portugal,1998,0.2878287660947706
Portugal,1999,0.26119389541315696
Portugal,2000,0.22685439551178616
Portugal,2001,0.19080981316961165
Portugal,2002,0.09692354829018403
Portugal,2003,0.022888779342792653
Portugal,2004,-0.03702094325953332
Portugal,2005,-0.12074773807742101
Portugal,2006,-0.15816462878260648
Portugal,2007,-0.09901325284433958
Portugal,2008,-0.07099151634797471
Portugal,2009,-0.060075581576676904
Portugal,2010,-0.06223072669499744
Portugal,2011,-0.10086451953383753
Portugal,2012,-0.11370201841803908
Portugal,2013,-0.1025111829460879
Portugal,2014,-0.08643017762939716
Portugal,2015,-0.07900350236103305
Portugal,2016,-0.054113215734488324
Portugal,2017,-0.0014350047021958366
Portugal,2018,0.04717082432491807
Dominican Republic,1992,-2.6951009915627653
Dominican Republic,1993,-2.609077831936186
Dominican Republic,1994,-2.546436823707679
Dominican Republic,1995,-2.4729129972854995
Dominican Republic,1996,-2.403647270408417
Dominican Republic,1997,-2.3451741118110814
Dominican Republic,1998,-2.3082413046643926
Dominican Republic,1999,-2.2955571553756062
Dominican Republic,2000,-2.2916033017942894
Dominican Republic,2001,-2.2859179724099263
Dominican Republic,2002,-2.2796360288870767
Dominican Republic,2003,-2.2698360419348376
Dominican Republic,2004,-2.271293784095892
Dominican Republic,2005,-2.279208620341944
Dominican Republic,2006,-2.287386326906807
Dominican Republic,2007,-2.313806227481856
Dominican Republic,2008,-2.34532465523997
Dominican Republic,2009,-2.379599023311882
Dominican Republic,2010,-2.4104512982705066
Dominican Republic,2011,-2.434958563312844
Dominican Republic,2012,-2.4299030079335644
Dominican Republic,2013,-2.4053534410048654
Dominican Republic,2014,-2.3773734413081575
Dominican Republic,2015,-2.388525759119799
Dominican Republic,2016,-2.385384029752651
Dominican Republic,2017,-2.376988778573595
Dominican Republic,2018,-2.3780258882964884
Andorra,1992,-2.44917973722165
Andorra,1993,-2.443231847001165
Andorra,1994,-2.4423272804441267
Andorra,1995,-2.446374682069491
Andorra,1996,-2.442526984336842
Andorra,1997,-2.4420499546559733
Andorra,1998,-2.439270478807562
Andorra,1999,-2.435273235067272
Andorra,2000,-2.4368546759342062
Andorra,2001,-2.4105841674995343
Andorra,2002,-2.4009243281963366
Andorra,2003,-2.3957717834477625
Andorra,2004,-2.381482855729947
Andorra,2005,-2.375196514732412
Andorra,2006,-2.369688098539188
Andorra,2007,-2.372566290676231
Andorra,2008,-2.380603357983422
Andorra,2009,-2.38821128930068
Andorra,2010,-2.388560927003661
Andorra,2011,-2.402759704445026
Andorra,2012,-2.383343942696886
Andorra,2013,-2.388114587929696
Andorra,2014,-2.380596414220082
Andorra,2015,-2.3680523535020983
Andorra,2016,-2.370670811554275
Andorra,2017,-2.3728294639240666
Andorra,2018,-2.3771172032770287
Spain,1992,0.6771537354721882
Spain,1993,0.6984883208719505
Spain,1994,0.7298147843774819
Spain,1995,0.7586069213867955
Spain,1996,0.764607744756968
Spain,1997,0.7244540432016535
Spain,1998,0.6749915680306816
Spain,1999,0.6236857425493451
Spain,2000,0.5724010396631416
Spain,2001,0.5272132862110106
Spain,2002,0.49118458254813846
Spain,2003,0.4786894960078615
Spain,2004,0.45412130545249
Spain,2005,0.43476278876442725
Spain,2006,0.3905372352872043
Spain,2007,0.38157017498965573
Spain,2008,0.3701091216667071
Spain,2009,0.31389894550834063
Spain,2010,0.25725532471856155
Spain,2011,0.22704483744142942
Spain,2012,0.2155838761302472
Spain,2013,0.18929358879601868
Spain,2014,0.18970443443596322
Spain,2015,0.20985346857168116
Spain,2016,0.23197896473594784
Spain,2017,0.24927720110731594
Spain,2018,0.2761658485192033
Latvia,1992,0.5868474365481342
Latvia,1993,0.7656601895650433
Latvia,1994,0.888253604612077
Latvia,1995,0.8210952400915795
Latvia,1996,0.6885246963876176
Latvia,1997,0.6817217221768419
Latvia,1998,0.8067335445221654
Latvia,1999,0.8243534623482501
Latvia,2000,0.8511154759136534
Latvia,2001,0.9017849668244269
Latvia,2002,0.8760870357188532
Latvia,2003,0.8301918562262175
Latvia,2004,0.8578955379804026
Latvia,2005,0.9841212020133928
Latvia,2006,1.0722118354026053
Latvia,2007,1.0585010569525901
Latvia,2008,0.9256755817128373
Latvia,2009,0.7778997031698136
Latvia,2010,0.6613237152333162
Latvia,2011,0.5476300098094578
Latvia,2012,0.5444254137116531
Latvia,2013,0.5436345735761812
Latvia,2014,0.5243082007617115
Latvia,2015,0.5145574124516181
Latvia,2016,0.5443006703554467
Latvia,2017,0.604656368210265
Latvia,2018,0.6150932677018125
Norway,1992,0.9294795249130702
Norway,1993,1.043204220293888
Norway,1994,1.1771229471628286
Norway,1995,1.328070349631966
Norway,1996,1.4787994775458864
Norway,1997,1.588774097032833
Norway,1998,1.7398197930692019
Norway,1999,1.8144437955298358
Norway,2000,1.9548963017807084
Norway,2001,2.002697230821316
Norway,2002,1.952669199758623
Norway,2003,1.8755662009199514
Norway,2004,1.859129112945355
Norway,2005,1.8204153212124974
Norway,2006,1.7985551630913084
Norway,2007,1.7831431378660272
Norway,2008,1.7816947948096051
Norway,2009,1.774474583951298
Norway,2010,1.745332312757921
Norway,2011,1.7160369212600526
Norway,2012,1.6670024971643145
Norway,2013,1.656283816651731
Norway,2014,1.6344266004882761
Norway,2015,1.5945460103883766
Norway,2016,1.5591609481379505
Norway,2017,1.5040942009535343
Norway,2018,1.5001063870309492
Belarus,1992,0.9407616366380518
Belarus,1993,1.0576908737799928
Belarus,1994,1.0806834819360225
Belarus,1995,1.1153437177076755
Belarus,1996,1.0944652585994152
Belarus,1997,1.1000843829665514
Belarus,1998,1.1498076167445166
Belarus,1999,1.2171694617382167
Belarus,2000,1.1976988129688626
Belarus,2001,1.2926583642962797
Belarus,2002,1.415179657684621
Belarus,2003,1.4288063151578965
Belarus,2004,1.3697736838194396
Belarus,2005,1.3404138409346655
Belarus,2006,1.2620739305176738
Belarus,2007,1.2034878337918598
Belarus,2008,1.1277661180856815
Belarus,2009,1.1026322674601707
Belarus,2010,1.1861219315186384
Belarus,2011,1.1669826561770713
Belarus,2012,1.0670994173997301
Belarus,2013,1.0735690941514235
Belarus,2014,1.049675656080454
Belarus,2015,0.9644884874443395
Belarus,2016,0.8634292190500368
Belarus,2017,0.7326177261728525
Belarus,2018,0.6823137396799341
Switzerland,1992,1.4733314447526191
Switzerland,1993,1.448139582249766
Switzerland,1994,1.4575672207331039
Switzerland,1995,1.4096318214051105
Switzerland,1996,1.3153242496619595
Switzerland,1997,1.224900843748111
Switzerland,1998,1.1667131831517958
Switzerland,1999,1.1159775899000985
Switzerland,2000,1.104828137658154
Switzerland,2001,1.0697663207341266
Switzerland,2002,1.0336260454396151
Switzerland,2003,1.0055010909206694
Switzerland,2004,0.9969576907104463
Switzerland,2005,1.0062464384818623
Switzerland,2006,0.9990237736980581
Switzerland,2007,0.9866198746670103
Switzerland,2008,0.9830413747666611
Switzerland,2009,0.9570735096297804
Switzerland,2010,0.8861048660259896
Switzerland,2011,0.855916168879272
Switzerland,2012,0.821102088409965
Switzerland,2013,0.8094782213618225
Switzerland,2014,0.7808578897987879
Switzerland,2015,0.7773940677798076
Switzerland,2016,0.7874275645937153
Switzerland,2017,0.8064242986890487
Switzerland,2018,0.8181406521350993
Colombia,1992,-1.0619780288409646
Colombia,1993,-1.0998755707406194
Colombia,1994,-1.1525760943513572
Colombia,1995,-1.2061198680664513
Colombia,1996,-1.220718732860238
Colombia,1997,-1.2858133567667454
Colombia,1998,-1.3272756935956769
Colombia,1999,-1.3080182944964909
Colombia,2000,-1.2734253350518976
Colombia,2001,-1.287958644964951
Colombia,2002,-1.3188403915468478
Colombia,2003,-1.3306499741680102
Colombia,2004,-1.388798535486961
Colombia,2005,-1.5448123919765746
Colombia,2006,-1.606921403451395
Colombia,2007,-1.659061269179989
Colombia,2008,-1.6438651937995654
Colombia,2009,-1.6216725256765134
Colombia,2010,-1.6290825397523976
Colombia,2011,-1.6163986918149504
Colombia,2012,-1.563770122545555
Colombia,2013,-1.54149040538384
Colombia,2014,-1.5368190959203103
Colombia,2015,-1.4985092949293208
Colombia,2016,-1.4260750283812325
Colombia,2017,-1.3731469274913446
Colombia,2018,-1.283364118433298
Belgium,1992,-0.09818099590964448
Belgium,1993,0.014461764517777176
Belgium,1994,0.10321372661168057
Belgium,1995,0.16012068932315973
Belgium,1996,0.20683268017351714
Belgium,1997,0.22350336609606605
Belgium,1998,0.2314403512505332
Belgium,1999,0.2930052391393148
Belgium,2000,0.35402095027920116
Belgium,2001,0.3598213597992058
Belgium,2002,0.34108613169259194
Belgium,2003,0.34384588540815486
Belgium,2004,0.3351255836810193
Belgium,2005,0.3628847004163582
Belgium,2006,0.3829814532960286
Belgium,2007,0.43446709302380077
Belgium,2008,0.4632374820114856
Belgium,2009,0.45793050695062026
Belgium,2010,0.4505085251879176
Belgium,2011,0.42381512692152895
Belgium,2012,0.409220145025338
Belgium,2013,0.4167661700956721
Belgium,2014,0.42999394979417255
Belgium,2015,0.4548136353524476
Belgium,2016,0.4717364207286984
Belgium,2017,0.4712507841376257
Belgium,2018,0.4934508202229632
Albania,1992,-0.3214486510283233
Albania,1993,-0.3083474260071006
Albania,1994,-0.30142613394367523
Albania,1995,-0.28651032189182774
Albania,1996,-0.2659503818108832
Albania,1997,-0.21616440394289752
Albania,1998,-0.09600120630380127
Albania,1999,-0.02471253621368489
Albania,2000,0.011412588427474536
Albania,2001,0.06282039058456244
Albania,2002,0.08408274065904665
Albania,2003,0.09722467091808308
Albania,2004,0.11121782645297837
Albania,2005,0.09739851392160659
Albania,2006,0.05843157489669662
Albania,2007,0.029315590055901695
Albania,2008,0.006860576998367317
Albania,2009,-0.01756893665003343
Albania,2010,-0.005698858742015243
Albania,2011,0.015722580758200308
Albania,2012,-0.0017575305271223074
Albania,2013,-0.015044737031845013
Albania,2014,-0.03171118225761362
Albania,2015,-0.05249666668513765
Albania,2016,-0.00010617987675196573
Albania,2017,0.006110047195447283
Albania,2018,0.004416139005044139
Estonia,1992,1.1663688923220834
Estonia,1993,1.2916860300316997
Estonia,1994,1.40788543310764
Estonia,1995,1.389047292792153
Estonia,1996,1.2760892275959366
Estonia,1997,1.3159504567507498
Estonia,1998,1.4109214785243462
Estonia,1999,1.4001402018973277
Estonia,2000,1.452106652359005
Estonia,2001,1.5619243386597272
Estonia,2002,1.6046937011607911
Estonia,2003,1.6037533102361676
Estonia,2004,1.7188131887294413
Estonia,2005,1.775360063672691
Estonia,2006,1.872263673161209
Estonia,2007,1.9729483807659247
Estonia,2008,1.9033926135911554
Estonia,2009,1.899608075283387
Estonia,2010,1.823347512843834
Estonia,2011,1.8849618240529296
Estonia,2012,1.924939855425689
Estonia,2013,1.7711793892267464
Estonia,2014,1.7076921290166562
Estonia,2015,1.615682568031671
Estonia,2016,1.5845057377082712
Estonia,2017,1.4499270511175495
Estonia,2018,1.33786357790642
Guatemala,1992,0.39821248786233177
Guatemala,1993,0.43930108451329364
Guatemala,1994,0.4390942922998734
Guatemala,1995,0.32121213363666035
Guatemala,1996,0.26396732147299173
Guatemala,1997,0.34959690757085143
Guatemala,1998,0.41467061121554544
Guatemala,1999,0.3539482544050711
Guatemala,2000,0.3566912487315421
Guatemala,2001,0.23104535069910498
Guatemala,2002,0.003465537921389411
Guatemala,2003,-0.12108204226785652
Guatemala,2004,-0.21063768455946824
Guatemala,2005,-0.2114140066192079
Guatemala,2006,-0.18967021903018894
Guatemala,2007,-0.2316046014215637
Guatemala,2008,-0.16687802407684757
Guatemala,2009,-0.059058156348634726
Guatemala,2010,0.0380640973542292
Guatemala,2011,0.2026994163364166
Guatemala,2012,0.2717881907743277
Guatemala,2013,0.33335697770318445
Guatemala,2014,0.31356158603483203
Guatemala,2015,0.3449613776350774
Guatemala,2016,0.3749330565986798
Guatemala,2017,0.353141780648985
Guatemala,2018,0.36098469813739115
Denmark,1992,1.2344620445563461
Denmark,1993,1.273879415496418
Denmark,1994,1.3468753096822292
Denmark,1995,1.346721429222178
Denmark,1996,1.3280377737901221
Denmark,1997,1.3134510598220392
Denmark,1998,1.2948827080267848
Denmark,1999,1.3295178696193881
Denmark,2000,1.2876136436428107
Denmark,2001,1.2597265651463259
Denmark,2002,1.247854076115064
Denmark,2003,1.2249014802830183
Denmark,2004,1.2420865801874972
Denmark,2005,1.2728241671747738
Denmark,2006,1.3145014668358679
Denmark,2007,1.3399514908008348
Denmark,2008,1.380562843611189
Denmark,2009,1.4016718452160204
Denmark,2010,1.3785250732863399
Denmark,2011,1.3427754431277554
Denmark,2012,1.2830924232585421
Denmark,2013,1.2662980905649612
Denmark,2014,1.2801331453742448
Denmark,2015,1.28232188309782
Denmark,2016,1.3117933662553276
Denmark,2017,1.3100166334809926
Denmark,2018,1.350028156527368
Russian Federation,1992,1.198753418438696
Russian Federation,1993,1.43006482310639
Russian Federation,1994,1.5521489745225587
Russian Federation,1995,1.5345724790862305
Russian Federation,1996,1.5037961627155414
Russian Federation,1997,1.464113859440657
Russian Federation,1998,1.4993347568635769
Russian Federation,1999,1.6353200527350453
Russian Federation,2000,1.7343945034768606
Russian Federation,2001,1.708161222690803
Russian Federation,2002,1.6881194370587265
Russian Federation,2003,1.7723673888283398
Russian Federation,2004,1.8888757142143868
Russian Federation,2005,2.0978447516011727
Russian Federation,2006,2.113886335906821
Russian Federation,2007,2.052498159202889
Russian Federation,2008,1.9872408748820176
Russian Federation,2009,1.7995768349196861
Russian Federation,2010,1.7295304368665814
Russian Federation,2011,1.617091579795737
Russian Federation,2012,1.595119734999703
Russian Federation,2013,1.5951450013913764
Russian Federation,2014,1.6120631903154041
Russian Federation,2015,1.518434078512945
Russian Federation,2016,1.4641440360387281
Russian Federation,2017,1.3901380715882383
Russian Federation,2018,1.3721615515166832
Finland,1992,1.0216359153290953
Finland,1993,1.0270436528952134
Finland,1994,1.043232612152108
Finland,1995,1.1044389399470695
Finland,1996,1.1529574019397435
Finland,1997,1.1620116371503189
Finland,1998,1.1525284618263858
Finland,1999,1.1950252691208567
Finland,2000,1.2352631153754532
Finland,2001,1.232957646213381
Finland,2002,1.230583232100145
Finland,2003,1.2550789146732004
Finland,2004,1.3208322971876323
Finland,2005,1.367968567575529
Finland,2006,1.431762381541208
Finland,2007,1.5276674142045623
Finland,2008,1.5711927985975054
Finland,2009,1.5971015727117444
Finland,2010,1.5982392682796642
Finland,2011,1.57994307919073
Finland,2012,1.5625111463799266
Finland,2013,1.538146829838461
Finland,2014,1.4972485351524487
Finland,2015,1.4700765614136588
Finland,2016,1.5064837708439032
Finland,2017,1.5518443756446474
Finland,2018,1.6030974611666902
Bosnia and Herzegovina,1992,-1.922966751908979
Bosnia and Herzegovina,1993,-1.9208395278753183
Bosnia and Herzegovina,1994,-1.913328838535303
Bosnia and Herzegovina,1995,-1.9009420551173797
Bosnia and Herzegovina,1996,-1.9089654913070855
Bosnia and Herzegovina,1997,-1.9228072296085923
Bosnia and Herzegovina,1998,-1.9202484456744215
Bosnia and Herzegovina,1999,-1.8929169577811875
Bosnia and Herzegovina,2000,-1.8743090965709963
Bosnia and Herzegovina,2001,-1.8572754805089304
Bosnia and Herzegovina,2002,-1.8201092922786675
Bosnia and Herzegovina,2003,-1.8074310192403007
Bosnia and Herzegovina,2004,-1.8089749245052356
Bosnia and Herzegovina,2005,-1.8020545944708617
Bosnia and Herzegovina,2006,-1.80595289299418
Bosnia and Herzegovina,2007,-1.7888623431043924
Bosnia and Herzegovina,2008,-1.837855001530284
Bosnia and Herzegovina,2009,-1.8377486576127775
Bosnia and Herzegovina,2010,-1.8463005967559258
Bosnia and Herzegovina,2011,-1.8699020996163658
Bosnia and Herzegovina,2012,-1.8333437673302329
Bosnia and Herzegovina,2013,-1.8040047571136264
Bosnia and Herzegovina,2014,-1.7690791256663692
Bosnia and Herzegovina,2015,-1.7639058726426085
Bosnia and Herzegovina,2016,-1.7642151257786418
Bosnia and Herzegovina,2017,-1.7694322399373967
Bosnia and Herzegovina,2018,-1.7697621446757643
Croatia,1992,-0.06069231597088426
Croatia,1993,-0.08564210401828591
Croatia,1994,-0.1303859904715244
Croatia,1995,-0.10943977712828702
Croatia,1996,-0.1108169256754354
Croatia,1997,-0.08725819340292915
Croatia,1998,-0.007054431227171182
Croatia,1999,0.14123878662346712
Croatia,2000,0.22896556250270975
Croatia,2001,0.30266075119721425
Croatia,2002,0.3522419064394865
Croatia,2003,0.41179489364332533
Croatia,2004,0.437955368562569
Croatia,2005,0.49878471666041296
Croatia,2006,0.4873200792385859
Croatia,2007,0.544664873213096
Croatia,2008,0.5600454384547873
Croatia,2009,0.4805979311822861
Croatia,2010,0.41718292577535704
Croatia,2011,0.34090137069473203
Croatia,2012,0.3010513874546281
Croatia,2013,0.2405655664853925
Croatia,2014,0.23030352753750225
Croatia,2015,0.22940299517192803
Croatia,2016,0.17925603217063082
Croatia,2017,0.19852506185688826
Croatia,2018,0.24261258635858846
Turkey,1992,-0.9974414426561725
Turkey,1993,-0.9898919284287075
Turkey,1994,-0.9827445981465075
Turkey,1995,-0.9750556794777823
Turkey,1996,-0.9796389837148776
Turkey,1997,-0.9896911845457268
Turkey,1998,-0.9983786679639702
Turkey,1999,-1.0031190008590722
Turkey,2000,-1.0320078091211615
Turkey,2001,-1.0519983192515892
Turkey,2002,-1.055084457529193
Turkey,2003,-1.0525313320630771
Turkey,2004,-1.0287626422055203
Turkey,2005,-1.0218246384804575
Turkey,2006,-1.02250903046984
Turkey,2007,-1.009384882780209
Turkey,2008,-1.0046244390212693
Turkey,2009,-1.0004051856709453
Turkey,2010,-1.0260602098584783
Turkey,2011,-1.0223684763136205
Turkey,2012,-0.9986542567602702
Turkey,2013,-0.9468823044567278
Turkey,2014,-0.8504751698808883
Turkey,2015,-0.8165032251695586
Turkey,2016,-0.7553593643631467
Turkey,2017,-0.7889095518435879
Turkey,2018,-0.8049952011930285
Ecuador,1992,-1.4207221948667517
Ecuador,1993,-1.4373998821643388
Ecuador,1994,-1.4275348801182015
Ecuador,1995,-1.4301489782574597
Ecuador,1996,-1.3957233170703074
Ecuador,1997,-1.39976028217088
Ecuador,1998,-1.2835148476111082
Ecuador,1999,-1.1866235952227475
Ecuador,2000,-1.10740381924779
Ecuador,2001,-0.9175293011445848
Ecuador,2002,-0.8262181031367551
Ecuador,2003,-0.8301468721657677
Ecuador,2004,-0.890941467148257
Ecuador,2005,-0.9682549723195837
Ecuador,2006,-0.9967458299886207
Ecuador,2007,-0.8508520324766645
Ecuador,2008,-0.7308922467764143
Ecuador,2009,-0.585921944442837
Ecuador,2010,-0.5512440231591857
Ecuador,2011,-0.6264692401619221
Ecuador,2012,-0.7012107314987459
Ecuador,2013,-0.7311421229166184
Ecuador,2014,-0.7554132972420947
Ecuador,2015,-0.765018952776771
Ecuador,2016,-0.7341634201888126
Ecuador,2017,-0.7144412183094294
Ecuador,2018,-0.5418497719370657
Bulgaria,1992,-0.824909591662054
Bulgaria,1993,-0.7826161125006048
Bulgaria,1994,-0.7829461134282374
Bulgaria,1995,-0.7836431141232744
Bulgaria,1996,-0.7929677023308794
Bulgaria,1997,-0.739716576475786
Bulgaria,1998,-0.6750258460313996
Bulgaria,1999,-0.5881619371879602
Bulgaria,2000,-0.49608785168583547
Bulgaria,2001,-0.47930193026078266
Bulgaria,2002,-0.4904253304955013
Bulgaria,2003,-0.45389616021892226
Bulgaria,2004,-0.3989262428773723
Bulgaria,2005,-0.33156564881093087
Bulgaria,2006,-0.29474181376929276
Bulgaria,2007,-0.23402696356538125
Bulgaria,2008,-0.23735705877232924
Bulgaria,2009,-0.2888112995852538
Bulgaria,2010,-0.32503915505553743
Bulgaria,2011,-0.3792226906435697
Bulgaria,2012,-0.42001745637099314
Bulgaria,2013,-0.44333741812032795
Bulgaria,2014,-0.4299816162854419
Bulgaria,2015,-0.44200951219128826
Bulgaria,2016,-0.4573358313211043
Bulgaria,2017,-0.4507723118298354
Bulgaria,2018,-0.4148580741118017
Costa Rica,1992,-1.2913562150187463
Costa Rica,1993,-1.2753740614497793
Costa Rica,1994,-1.20146924853897
Costa Rica,1995,-1.1289355648094095
Costa Rica,1996,-1.1477387948927646
Costa Rica,1997,-1.086298755921174
Costa Rica,1998,-1.062262248670329
Costa Rica,1999,-0.9587005196106877
Costa Rica,2000,-0.9309970919466982
Costa Rica,2001,-0.8998457775425471
Costa Rica,2002,-0.9185789997202952
Costa Rica,2003,-0.9112038669123373
Costa Rica,2004,-0.9704018796669307
Costa Rica,2005,-1.2097826596819359
Costa Rica,2006,-1.2267546768997735
Costa Rica,2007,-1.3879869850870261
Costa Rica,2008,-1.3765549823611678
Costa Rica,2009,-1.4181036834784195
Costa Rica,2010,-1.3083393500388636
Costa Rica,2011,-1.326571523292519
Costa Rica,2012,-1.3157745632517608
Costa Rica,2013,-1.2956380381126233
Costa Rica,2014,-1.2994763478271536
Costa Rica,2015,-1.2276262543806442
Costa Rica,2016,-1.12333849783802
Costa Rica,2017,-1.1053280893984747
Costa Rica,2018,-1.032903115384206
United Kingdom,1992,0.42499492183714804
United Kingdom,1993,0.5298284488019928
United Kingdom,1994,0.6533960644114921
United Kingdom,1995,0.772893167416061
United Kingdom,1996,0.8713657625347726
United Kingdom,1997,0.9458042845013845
United Kingdom,1998,1.0236216603907877
United Kingdom,1999,1.0911982237333824
United Kingdom,2000,1.12481385571055
United Kingdom,2001,1.1727500633871977
United Kingdom,2002,1.1768840825428402
United Kingdom,2003,1.1588775384950751
United Kingdom,2004,1.1529342991286036
United Kingdom,2005,1.177378956785959
United Kingdom,2006,1.2470344756797849
United Kingdom,2007,1.3142789819350866
United Kingdom,2008,1.3653089360539308
United Kingdom,2009,1.35877900997647
United Kingdom,2010,1.333922765949093
United Kingdom,2011,1.3018848542630999
United Kingdom,2012,1.3030226198770136
United Kingdom,2013,1.3642532047224138
United Kingdom,2014,1.4362295974930066
United Kingdom,2015,1.5234313428987318
United Kingdom,2016,1.5999587430198214
United Kingdom,2017,1.6471496075927898
United Kingdom,2018,1.7236835161527022
Cyprus,1992,0.1686300383488326
Cyprus,1993,0.1816963329017625
Cyprus,1994,0.19288840433462032
Cyprus,1995,0.2019941279745318
Cyprus,1996,0.20664298468305714
Cyprus,1997,0.22013303193717715
Cyprus,1998,0.2227348971591069
Cyprus,1999,0.22099648809833106
Cyprus,2000,0.21947911604353623
Cyprus,2001,0.2019817975961849
Cyprus,2002,0.17857932659518289
Cyprus,2003,0.17305963139375238
Cyprus,2004,0.16590159008449284
Cyprus,2005,0.22582054678707375
Cyprus,2006,0.2091742132099317
Cyprus,2007,0.2153886026317651
Cyprus,2008,0.2385763638114912
Cyprus,2009,0.2397577609242707
Cyprus,2010,0.2147183904071886
Cyprus,2011,0.16170759658654885
Cyprus,2012,0.13204614259751957
Cyprus,2013,0.08379784020237191
Cyprus,2014,0.08891653919073651
Cyprus,2015,0.10077007312550436
Cyprus,2016,0.07795157715223178
Cyprus,2017,0.1153732072268047
Cyprus,2018,0.11949300083223542
Ukraine,1992,0.8962816648740308
Ukraine,1993,0.9864830102704143
Ukraine,1994,1.0640899609269256
Ukraine,1995,1.1724792551730163
Ukraine,1996,1.1386321495190956
Ukraine,1997,1.054209955033774
Ukraine,1998,0.9446771545991232
Ukraine,1999,0.958871764820718
Ukraine,2000,1.0022881330066797
Ukraine,2001,1.0027957477675185
Ukraine,2002,1.0333290468294307
Ukraine,2003,1.0426955960260509
Ukraine,2004,1.1164329632499352
Ukraine,2005,1.1886813190590457
Ukraine,2006,1.158814988113313
Ukraine,2007,1.211164581020449
Ukraine,2008,1.1857896124145806
Ukraine,2009,0.9365081396708889
Ukraine,2010,0.7827776523552934
Ukraine,2011,0.6907145910552372
Ukraine,2012,0.6676236504896822
Ukraine,2013,0.642855773279164
Ukraine,2014,0.5939013256244448
Ukraine,2015,0.47554276309287374
Ukraine,2016,0.4316653999208465
Ukraine,2017,0.4476056452545197
Ukraine,2018,0.5009909794868292
Czechia,1992,-0.7288320600053725
Czechia,1993,-0.7408791287045533
Czechia,1994,-0.7293794019137164
Czechia,1995,-0.7031009543675716
Czechia,1996,-0.6943515888485925
Czechia,1997,-0.6371631429294277
Czechia,1998,-0.6021984816015765
Czechia,1999,-0.48420537449093937
Czechia,2000,-0.4195440101811775
Czechia,2001,-0.39793677432099483
Czechia,2002,-0.4141940217714604
Czechia,2003,-0.38469782350630155
Czechia,2004,-0.402156006650649
Czechia,2005,-0.40866847738772816
Czechia,2006,-0.4483577758142668
Czechia,2007,-0.4168949769133155
Czechia,2008,-0.4239831522500551
Czechia,2009,-0.4282727888874503
Czechia,2010,-0.41961774852828293
Czechia,2011,-0.4251161002174669
Czechia,2012,-0.4078323317836055
Czechia,2013,-0.38474113638191326
Czechia,2014,-0.41092911651711134
Czechia,2015,-0.3962225964442488
Czechia,2016,-0.40002228138886053
Czechia,2017,-0.3501205199675466
Czechia,2018,-0.2906220003534585
Austria,1992,0.34382736241896694
Austria,1993,0.4901510041395104
Austria,1994,0.5892459325925535
Austria,1995,0.6248037941173118
Austria,1996,0.6158750913215041
Austria,1997,0.5619941604571566
Austria,1998,0.5470025993929183
Austria,1999,0.5659650753869341
Austria,2000,0.6211432612404851
Austria,2001,0.6090322018166374
Austria,2002,0.6122739568466263
Austria,2003,0.6814910189723816
Austria,2004,0.728079909117172
Austria,2005,0.7611179030194724
Austria,2006,0.7667828594506813
Austria,2007,0.7838497794879811
Austria,2008,0.805167584466885
Austria,2009,0.8201644811751576
Austria,2010,0.8154768708097881
Austria,2011,0.7916215342342893
Austria,2012,0.7365046768711647
Austria,2013,0.6721731443228264
Austria,2014,0.6066293424976207
Austria,2015,0.5862063337468741
Austria,2016,0.5584808536792049
Austria,2017,0.5477130901593656
Austria,2018,0.6046080848004353
San Marino,1992,-2.475563924774268
San Marino,1993,-2.469583405957411
San Marino,1994,-2.463628156641491
San Marino,1995,-2.463231746563642
San Marino,1996,-2.4495270381060266
San Marino,1997,-2.448549739490852
San Marino,1998,-2.4356157646199463
San Marino,1999,-2.4249104806584785
San Marino,2000,-2.4016274757900775
San Marino,2001,-2.4033155251092677
San Marino,2002,-2.4120582911345156
San Marino,2003,-2.3837018729205646
San Marino,2004,-2.3755234942017043
San Marino,2005,-2.350058203911086
San Marino,2006,-2.331975899655289
San Marino,2007,-2.306716437413637
San Marino,2008,-2.2803361624579432
San Marino,2009,-2.2539786282975984
San Marino,2010,-2.228008112116266
San Marino,2011,-2.2123505484792845
San Marino,2012,-2.1917364182624928
San Marino,2013,-2.1667984372102342
San Marino,2014,-2.1391314602065705
San Marino,2015,-2.132284065347858
San Marino,2016,-2.1169101230509937
San Marino,2017,-2.104257550957378
San Marino,2018,-2.1013387533591397
Republic of Moldova,1992,-0.31780142161113295
Republic of Moldova,1993,-0.2812383293390818
Republic of Moldova,1994,-0.14130965554592967
Republic of Moldova,1995,-0.06942590320099583
Republic of Moldova,1996,-0.06740579044771797
Republic of Moldova,1997,-0.120497606120119
Republic of Moldova,1998,-0.12125166772455755
Republic of Moldova,1999,-0.09413333432180854
Republic of Moldova,2000,-0.10273708766726473
Republic of Moldova,2001,-0.12441242704805378
Republic of Moldova,2002,-0.12440855978808213
Republic of Moldova,2003,-0.09546972668993148
Republic of Moldova,2004,-0.03914195790645769
Republic of Moldova,2005,0.1161825780975375
Republic of Moldova,2006,0.1449788924822223
Republic of Moldova,2007,0.11870923009120293
Republic of Moldova,2008,0.0541195495561711
Republic of Moldova,2009,-0.026677821846893122
Republic of Moldova,2010,-0.024428545618725997
Republic of Moldova,2011,-0.19944841901314075
Republic of Moldova,2012,-0.23591972228057484
Republic of Moldova,2013,-0.26695392986409916
Republic of Moldova,2014,-0.21907181904351888
Republic of Moldova,2015,-0.203237434676074
Republic of Moldova,2016,-0.23395700847905462
Republic of Moldova,2017,-0.2878773011030624
Republic of Moldova,2018,-0.2542441358640456
Monaco,1992,-2.911271239939145
Monaco,1993,-2.819594792950279
Monaco,1994,-2.717210748439991
Monaco,1995,-2.598022863415403
Monaco,1996,-2.464492238401262
Monaco,1997,-2.3275415719291224
Monaco,1998,-2.183943435610618
Monaco,1999,-2.050777999119591
Monaco,2000,-1.9317081164366392
Monaco,2001,-1.8380058153865868
Monaco,2002,-1.7941066182772738
Monaco,2003,-1.7645333768743998
Monaco,2004,-1.7431303360598565
Monaco,2005,-1.72455191698556
Monaco,2006,-1.7132047561109431
Monaco,2007,-1.7077084894421968
Monaco,2008,-1.7015361261206396
Monaco,2009,-1.6914921871773296
Monaco,2010,-1.678329760853615
Monaco,2011,-1.6736451729459294
Monaco,2012,-1.656945441597408
Monaco,2013,-1.6350880226102729
Monaco,2014,-1.629596354882564
Monaco,2015,-1.6192620146775847
Monaco,2016,-1.607283114034371
Monaco,2017,-1.5933446249946321
Monaco,2018,-1.5874746282240317
France,1992,0.010771969615818743
France,1993,0.06583752694508238
France,1994,0.10199475093080936
France,1995,0.11948411616777065
France,1996,0.10574142450328308
France,1997,0.08197761795896776
France,1998,0.12013330129267759
France,1999,0.16843990844862636
France,2000,0.23330186517654936
France,2001,0.2763491672702368
France,2002,0.299762381351648
France,2003,0.3343923009429395
France,2004,0.3463246225139597
France,2005,0.39440680336550554
France,2006,0.42061300769558346
France,2007,0.45256110099355124
France,2008,0.5107713914302602
France,2009,0.5627788916919875
France,2010,0.5941839282495865
France,2011,0.5982248394487206
France,2012,0.5900398773262321
France,2013,0.5837860112407741
France,2014,0.5874837605212836
France,2015,0.6273273738940459
France,2016,0.6363254321189734
France,2017,0.6550122174468426
France,2018,0.6626316686401587
